customer_id,name,age,gender,city,occupation,join_date
1,Wishi Patla,58,Male,Mumbai,Student,2023-10-28
2,Harsh Shetty,33,Male,Bangalore,Doctor,2021-09-24
3,Jatin Panchal,61,Male,Kolkata,Engineer,2023-04-27
4,Charvi Borah,19,Male,Chennai,Businessman,2024-04-30
5,Udyati Sarna,50,Male,Chennai,Accountant,2021-12-01
6,Tripti Natarajan,32,Female,Hyderabad,Engineer,2023-11-12
7,Mugdha Kalita,66,Male,Kolkata,Lawyer,2021-04-08
8,Vinaya Madan,35,Male,Chennai,Lawyer,2023-01-28
9,Waida Walia,24,Male,Kolkata,Doctor,2022-07-22
10,Lavanya Johal,40,Female,Hyderabad,Engineer,2025-02-27
11,Tara Rege,64,Female,Delhi,Accountant,2022-07-18
12,Chanakya Chawla,23,Female,Pune,Businessman,2024-12-04
13,Vedhika Manne,63,Male,Mumbai,Businessman,2023-07-13
14,Elijah Luthra,67,Female,Delhi,Businessman,2022-10-12
15,Ekbal Palla,24,Female,Hyderabad,Nurse,2026-01-26
16,Ansh Patla,58,Female,Bangalore,Lawyer,2021-06-13
17,Rajeshri Gala,40,Male,Hyderabad,Doctor,2025-11-11
18,Aarav Raja,56,Male,Chennai,Teacher,2026-03-05
19,Urvi Sodhi,47,Female,Hyderabad,Businessman,2021-10-23
20,Rishi Balasubramanian,61,Female,Mumbai,Businessman,2026-03-14
21,Warinder Keer,70,Male,Pune,Accountant,2022-02-09
22,Kritika Thakur,35,Male,Chennai,Lawyer,2026-02-02
23,Vincent Goel,31,Female,Kolkata,Nurse,2022-11-14
24,Xavier Sarraf,27,Female,Bangalore,Businessman,2026-01-25
25,Aachal Ahluwalia,65,Female,Kolkata,Accountant,2022-04-14
26,Sachi Chadha,41,Male,Bangalore,Nurse,2023-01-18
27,Prisha Savant,23,Male,Delhi,Teacher,2023-11-28
28,Madhavi Walia,58,Male,Kolkata,Doctor,2023-03-09
29,Kashvi Sachdeva,42,Female,Ahmedabad,Student,2024-12-11
30,Simon Bhasin,53,Male,Delhi,Student,2023-06-17
31,Dakshesh Biswas,67,Female,Delhi,Student,2024-03-06
32,Nilima Krish,45,Male,Ahmedabad,Engineer,2023-07-29
33,Jeremiah Konda,64,Female,Bangalore,Doctor,2021-10-18
34,Prisha Om,58,Female,Chennai,Teacher,2022-07-18
35,Lipika Chhabra,41,Male,Mumbai,Lawyer,2021-12-11
36,Qushi Maharaj,49,Male,Delhi,Lawyer,2025-05-11
37,Charvi Dara,69,Female,Chennai,Engineer,2023-05-15
38,Omya Bhasin,33,Male,Delhi,Nurse,2024-07-08
39,Udyati Ramakrishnan,70,Male,Bangalore,Teacher,2021-10-31
40,Upma Mander,60,Female,Bangalore,Student,2025-08-18
41,Anirudh Srivastava,51,Female,Chennai,Businessman,2025-11-08
42,Daksh Kalita,63,Female,Kolkata,Lawyer,2023-05-18
43,Yashica Bali,46,Female,Delhi,Businessman,2023-04-27
44,Rudra Pall,32,Male,Pune,Engineer,2023-08-24
45,Ishanvi Munshi,55,Male,Chennai,Engineer,2023-01-11
46,Kala Bhargava,22,Male,Chennai,Doctor,2025-04-28
47,Tristan Suresh,20,Female,Delhi,Businessman,2024-07-19
48,Widisha Manda,35,Female,Chennai,Teacher,2023-12-21
49,Hitesh Shankar,64,Female,Chennai,Nurse,2021-09-28
50,Krishna Rau,69,Female,Chennai,Doctor,2025-11-26
51,Kai Manne,24,Female,Pune,Accountant,2022-09-14
52,Vasatika Hans,44,Female,Mumbai,Doctor,2021-06-01
53,Zayyan Venkatesh,21,Female,Pune,Doctor,2024-03-15
54,Vincent Bava,33,Male,Chennai,Nurse,2022-12-12
55,Finn Krishnamurthy,26,Female,Bangalore,Student,2021-04-03
56,Rachana Kunda,47,Male,Delhi,Nurse,2022-07-17
57,William Behl,69,Male,Mumbai,Engineer,2022-09-06
58,Chaitanya Dhar,23,Male,Bangalore,Accountant,2024-08-02
59,Yashasvi Nayar,49,Female,Chennai,Accountant,2022-01-30
60,Yashvi Boase,21,Male,Kolkata,Engineer,2025-02-04
61,Ishwar Narang,42,Female,Ahmedabad,Student,2023-09-14
62,Jacob Suresh,45,Female,Bangalore,Businessman,2022-01-02
63,Odika Kalita,36,Male,Mumbai,Engineer,2026-02-05
64,Jeet Saraf,65,Female,Mumbai,Engineer,2024-04-01
65,Ridhi Sharaf,55,Female,Bangalore,Engineer,2021-10-03
66,Oscar Krishna,50,Male,Bangalore,Doctor,2025-08-20
67,Hemani Misra,56,Male,Chennai,Accountant,2024-05-21
68,Varenya Atwal,25,Male,Mumbai,Doctor,2024-07-06
69,Mitesh Gola,44,Female,Hyderabad,Businessman,2025-07-05
70,Damini Boase,60,Female,Chennai,Student,2023-11-30
71,Chaman Munshi,43,Male,Hyderabad,Nurse,2023-12-20
72,Triya Brar,38,Male,Mumbai,Nurse,2025-11-20
73,Mason Ravel,57,Male,Delhi,Businessman,2026-01-19
74,Rushil Misra,50,Female,Bangalore,Lawyer,2022-01-19
75,Nitesh Shroff,22,Male,Pune,Student,2025-10-09
76,Upma Rao,28,Female,Hyderabad,Engineer,2023-02-24
77,Anvi Contractor,60,Female,Delhi,Teacher,2025-06-10
78,Jackson Lall,34,Male,Delhi,Teacher,2021-07-01
79,Warjas Deo,35,Female,Chennai,Lawyer,2022-05-23
80,Suhani De,31,Female,Ahmedabad,Student,2023-04-04
81,David Narasimhan,21,Male,Kolkata,Student,2025-10-31
82,Azaan Sinha,20,Male,Pune,Teacher,2025-02-15
83,Anmol Borde,58,Female,Bangalore,Nurse,2022-03-27
84,Eesha Dutt,53,Female,Mumbai,Doctor,2022-03-27
85,Aashi Dey,22,Male,Mumbai,Lawyer,2023-10-20
86,Lajita Wadhwa,55,Male,Kolkata,Teacher,2024-05-15
87,Lopa Gaba,20,Female,Pune,Engineer,2023-03-31
88,Mekhala Nayak,40,Male,Chennai,Doctor,2023-05-13
89,Benjamin Anand,40,Female,Bangalore,Businessman,2026-03-04
90,Nisha Mani,28,Male,Kolkata,Engineer,2023-09-09
91,Yochana Bains,29,Female,Kolkata,Businessman,2022-12-11
92,Hardik Chaudry,35,Male,Delhi,Accountant,2022-03-23
93,Anthony Sampath,20,Female,Chennai,Businessman,2021-10-07
94,Falan Chander,70,Female,Pune,Student,2026-02-12
95,Harinakshi Bir,70,Male,Chennai,Engineer,2022-05-14
96,Qarin D’Alia,60,Male,Kolkata,Lawyer,2025-04-08
97,Daksha Bansal,35,Male,Hyderabad,Lawyer,2024-10-06
98,Watika Purohit,59,Female,Pune,Engineer,2025-09-01
99,Ucchal Chaudhry,25,Female,Bangalore,Student,2024-11-13
100,Nilima Lata,20,Male,Kolkata,Lawyer,2022-07-04
101,Dakshesh Nayar,64,Female,Kolkata,Doctor,2023-09-02
102,Nisha Boase,42,Male,Hyderabad,Engineer,2023-08-08
103,Upasna Bahl,63,Female,Mumbai,Businessman,2024-12-28
104,Watika Sunder,41,Female,Delhi,Lawyer,2025-12-01
105,Zaitra Yadav,57,Female,Delhi,Student,2021-04-28
106,Fariq Peri,50,Female,Kolkata,Lawyer,2025-11-16
107,Irya Shanker,43,Female,Bangalore,Businessman,2025-01-27
108,Dayita Prabhakar,44,Female,Bangalore,Student,2023-06-11
109,Vihaan Seth,43,Male,Hyderabad,Student,2024-07-18
110,Harsh Patla,31,Female,Pune,Nurse,2021-10-17
111,Dayita Rau,46,Female,Chennai,Nurse,2022-09-18
112,Kamala Madan,68,Male,Delhi,Student,2021-06-17
113,Liam Lall,50,Female,Delhi,Businessman,2025-07-06
114,Urvi Natarajan,61,Female,Chennai,Businessman,2023-06-10
115,Dhriti Buch,27,Male,Mumbai,Businessman,2025-04-26
116,Inaya Prabhu,48,Male,Ahmedabad,Accountant,2025-01-06
117,Nicholas Bora,58,Male,Kolkata,Nurse,2024-12-30
118,Jeremiah Kothari,43,Male,Bangalore,Engineer,2023-07-12
119,Chandani Mahajan,66,Male,Kolkata,Businessman,2021-08-16
120,Qabil Khare,29,Female,Mumbai,Businessman,2024-01-06
121,Balhaar Keer,25,Female,Bangalore,Nurse,2024-12-01
122,Bachittar Chatterjee,60,Female,Ahmedabad,Accountant,2021-07-20
123,Shravya Savant,53,Female,Bangalore,Nurse,2025-05-07
124,Rehaan Bansal,46,Female,Chennai,Student,2025-02-17
125,Ikshita Master,67,Female,Chennai,Student,2021-11-20
126,Banjeet Badal,46,Male,Hyderabad,Businessman,2024-06-01
127,Nitesh Wable,35,Female,Pune,Doctor,2022-07-29
128,Yoshita Korpal,26,Male,Chennai,Accountant,2024-03-06
129,Niharika Vala,62,Male,Chennai,Doctor,2023-05-18
130,Zehaan Murty,44,Female,Pune,Nurse,2024-01-12
131,Yash Panchal,44,Male,Chennai,Accountant,2023-03-27
132,Odika Tank,42,Male,Kolkata,Nurse,2023-01-27
133,Anamika Banerjee,18,Female,Hyderabad,Accountant,2021-09-24
134,Unnati Garg,44,Male,Ahmedabad,Businessman,2022-04-02
135,Lekha Arora,35,Female,Ahmedabad,Engineer,2021-11-04
136,Vedhika Zachariah,42,Female,Kolkata,Teacher,2021-05-04
137,Wahab Tata,47,Male,Mumbai,Accountant,2021-05-30
138,Vansha Chaudry,55,Male,Delhi,Accountant,2026-01-11
139,Rachana Majumdar,26,Female,Bangalore,Engineer,2022-08-25
140,Jagat Lad,34,Female,Pune,Businessman,2021-06-09
141,Yashasvi Biswas,47,Female,Pune,Accountant,2023-09-27
142,Indira Borde,35,Female,Hyderabad,Doctor,2025-04-26
143,Ishanvi Madan,48,Male,Mumbai,Lawyer,2023-08-04
144,Forum Solanki,32,Male,Mumbai,Engineer,2024-04-07
145,Udyati Jayaraman,33,Male,Mumbai,Teacher,2023-12-10
146,Vrishti Kari,33,Male,Ahmedabad,Doctor,2021-10-21
147,Gaurav Tella,54,Male,Ahmedabad,Student,2022-12-12
148,Azaan Ganesh,67,Female,Bangalore,Doctor,2022-04-06
149,Falguni Arya,67,Male,Hyderabad,Doctor,2021-09-03
150,Manan Parmer,55,Male,Hyderabad,Accountant,2021-05-04
151,Dhruv Deshmukh,43,Male,Delhi,Businessman,2025-03-04
152,Abha Varma,24,Female,Delhi,Engineer,2021-12-02
153,Hiral Bail,40,Female,Pune,Doctor,2022-01-01
154,Anya Vasa,50,Female,Mumbai,Accountant,2025-04-25
155,Amol Bains,70,Female,Delhi,Accountant,2024-05-10
156,Idika Rajan,41,Female,Bangalore,Accountant,2023-03-13
157,Mohammed Swaminathan,29,Female,Ahmedabad,Nurse,2025-10-16
158,Rishi Srinivas,45,Female,Pune,Businessman,2021-05-05
159,William Mital,23,Female,Ahmedabad,Businessman,2024-10-25
160,Vedika Narasimhan,66,Female,Kolkata,Lawyer,2025-08-21
161,Charita Naik,19,Female,Pune,Teacher,2025-07-09
162,Darika Kapoor,49,Male,Pune,Student,2024-11-14
163,Diya Aggarwal,39,Female,Hyderabad,Engineer,2021-12-01
164,Fiyaz Sankaran,51,Male,Delhi,Businessman,2025-05-20
165,Amol Pant,64,Female,Ahmedabad,Businessman,2022-02-02
166,Bhavna Bora,62,Female,Ahmedabad,Nurse,2025-11-17
167,Gagan Sandhu,68,Male,Delhi,Student,2023-01-12
168,Onveer Keer,32,Female,Chennai,Student,2023-04-27
169,Falan Patel,60,Female,Ahmedabad,Lawyer,2025-05-17
170,Owen Agate,45,Female,Pune,Nurse,2025-10-17
171,Irya Salvi,35,Female,Hyderabad,Businessman,2023-10-18
172,Gaurav Nadig,25,Male,Pune,Doctor,2022-09-30
173,Fiyaz Wason,65,Male,Chennai,Businessman,2025-01-12
174,Omaja Deshmukh,65,Female,Hyderabad,Student,2022-02-13
175,Tanish Pall,24,Male,Hyderabad,Businessman,2021-06-19
176,Aradhana Bhandari,41,Male,Hyderabad,Engineer,2024-04-16
177,Jagat Oommen,63,Male,Hyderabad,Engineer,2024-08-13
178,Yatan Zacharia,21,Female,Bangalore,Nurse,2023-06-01
179,Ladli Ganesh,24,Male,Hyderabad,Nurse,2025-07-13
180,Triveni Tandon,48,Female,Pune,Teacher,2024-08-28
181,Urishilla Bava,21,Female,Ahmedabad,Doctor,2024-12-29
182,Patrick Subramaniam,70,Male,Kolkata,Nurse,2021-11-01
183,Anamika Zacharia,22,Male,Bangalore,Teacher,2022-01-07
184,Ira Patel,69,Female,Delhi,Businessman,2024-04-13
185,Avi Singhal,25,Female,Chennai,Accountant,2021-12-22
186,Ekantika Barman,46,Female,Hyderabad,Accountant,2024-08-06
187,Ekavir Mohanty,37,Male,Delhi,Businessman,2022-07-12
188,Alka Baria,58,Male,Hyderabad,Doctor,2024-11-04
189,Maanav Choudhary,28,Male,Bangalore,Doctor,2022-01-10
190,Bhavya Johal,28,Male,Kolkata,Nurse,2023-12-16
191,Janya Dube,62,Female,Hyderabad,Engineer,2024-03-22
192,Rachita Jayaraman,32,Female,Hyderabad,Nurse,2025-02-20
193,Ayushman Dutt,22,Male,Hyderabad,Businessman,2024-08-04
194,Anmol Dash,45,Male,Chennai,Teacher,2023-02-04
195,Anthony Chatterjee,35,Male,Delhi,Engineer,2023-10-14
196,Aayush Balan,28,Female,Hyderabad,Nurse,2024-03-04
197,Lajita Batra,25,Female,Hyderabad,Accountant,2023-06-25
198,Isha Johal,35,Female,Ahmedabad,Doctor,2021-06-08
199,Lakshit Deol,56,Male,Kolkata,Lawyer,2023-06-24
200,Jasmit Walia,56,Female,Mumbai,Doctor,2025-06-21
201,Zilmil Gandhi,32,Male,Hyderabad,Engineer,2023-11-01
202,Qarin Mutti,66,Male,Ahmedabad,Nurse,2021-07-02
203,Rishi Issac,35,Male,Kolkata,Nurse,2021-09-29
204,Dev Mahajan,23,Female,Pune,Accountant,2023-11-22
205,Onkar Dada,39,Female,Delhi,Teacher,2022-01-30
206,Chakradhar Kumar,39,Female,Ahmedabad,Student,2024-04-19
207,Nisha Bali,60,Female,Mumbai,Nurse,2024-03-20
208,Libni Karan,23,Female,Hyderabad,Lawyer,2025-12-08
209,Wridesh Radhakrishnan,25,Female,Mumbai,Nurse,2024-11-14
210,Anya Saini,44,Male,Chennai,Lawyer,2024-02-28
211,Mason Raju,57,Female,Ahmedabad,Engineer,2023-07-24
212,Ridhi Kala,31,Female,Bangalore,Student,2023-11-08
213,Orinder Nazareth,46,Female,Delhi,Engineer,2025-01-12
214,Eiravati Reddy,58,Male,Bangalore,Student,2024-07-05
215,Tanvi Magar,53,Male,Kolkata,Doctor,2024-08-19
216,Sneha Oza,32,Male,Ahmedabad,Doctor,2024-03-04
217,Damyanti Chada,59,Male,Ahmedabad,Student,2025-03-15
218,Amaira Raj,50,Female,Kolkata,Nurse,2024-10-18
219,Ishaan Soman,48,Male,Ahmedabad,Teacher,2023-05-11
220,Falan Rout,42,Male,Bangalore,Doctor,2024-08-08
221,Anirudh Mitter,35,Female,Pune,Student,2025-11-03
222,Bhanumati Badal,70,Male,Hyderabad,Student,2021-09-20
223,George Malhotra,55,Female,Bangalore,Nurse,2023-09-23
224,Kritika Kota,52,Female,Pune,Lawyer,2023-04-06
225,Avni Ahuja,53,Female,Ahmedabad,Lawyer,2023-12-22
226,Leela Dubey,30,Male,Kolkata,Businessman,2023-06-23
227,Chandani Mistry,67,Female,Mumbai,Lawyer,2026-01-30
228,Omya Iyengar,65,Female,Kolkata,Accountant,2021-04-24
229,Balhaar Kapoor,60,Male,Ahmedabad,Engineer,2021-05-21
230,Brinda Mandal,26,Female,Delhi,Nurse,2025-08-28
231,Rudra Rai,24,Female,Mumbai,Teacher,2024-09-11
232,Ekanta Lad,44,Male,Delhi,Nurse,2024-06-14
233,Dalbir Dugar,68,Female,Pune,Accountant,2023-11-15
234,Lakshit Prashad,59,Male,Pune,Accountant,2022-01-31
235,Udarsh Solanki,38,Female,Mumbai,Doctor,2024-01-24
236,Chandran Thakur,33,Female,Chennai,Doctor,2022-04-14
237,Indali Brahmbhatt,45,Male,Delhi,Nurse,2022-02-24
238,Eta Sidhu,28,Female,Mumbai,Engineer,2023-05-24
239,Sudiksha Swamy,38,Male,Hyderabad,Lawyer,2024-08-19
240,Chakradev Sundaram,41,Female,Bangalore,Businessman,2024-01-19
241,Adweta Loyal,51,Female,Bangalore,Teacher,2025-09-18
242,Upasna Zacharia,29,Male,Kolkata,Businessman,2021-11-14
243,Jack Kannan,49,Male,Chennai,Nurse,2021-04-30
244,Qadim Balakrishnan,58,Female,Ahmedabad,Student,2022-06-11
245,Gaurang D’Alia,60,Male,Ahmedabad,Student,2022-12-21
246,Chaitaly Jha,61,Male,Delhi,Nurse,2025-05-28
247,Darsh Barad,40,Female,Kolkata,Student,2022-06-10
248,Hema Sarkar,47,Female,Chennai,Accountant,2022-01-04
249,Garima Prashad,48,Male,Chennai,Accountant,2021-09-07
250,Ethan Shere,54,Female,Hyderabad,Student,2021-06-09
251,Gaurangi Sahota,19,Female,Hyderabad,Engineer,2024-04-16
252,Maanas Sura,54,Male,Ahmedabad,Student,2024-12-08
253,Mugdha Master,67,Male,Pune,Businessman,2023-10-13
254,Rajeshri Bala,58,Male,Hyderabad,Teacher,2024-04-26
255,Yachana Murty,58,Male,Mumbai,Student,2026-01-03
256,Rohan Chada,68,Female,Mumbai,Lawyer,2025-01-05
257,Teerth Ahluwalia,64,Male,Delhi,Student,2025-07-30
258,Vedant Bala,38,Female,Bangalore,Businessman,2022-02-10
259,Lila Buch,26,Female,Hyderabad,Teacher,2021-09-02
260,Aadi Sankar,34,Female,Hyderabad,Lawyer,2024-03-30
261,Yashvi Upadhyay,69,Male,Ahmedabad,Doctor,2022-06-03
262,Patrick Shanker,27,Male,Kolkata,Lawyer,2023-10-29
263,Meera Gill,23,Female,Mumbai,Student,2021-05-21
264,Jeevika Choudhry,52,Male,Ahmedabad,Lawyer,2023-12-09
265,Xavier Bhatt,61,Female,Kolkata,Lawyer,2026-01-31
266,Jasmit Vala,24,Male,Ahmedabad,Engineer,2023-12-08
267,Dalaja Dalal,57,Female,Chennai,Doctor,2023-06-07
268,Madhav Thaman,58,Female,Hyderabad,Accountant,2021-05-13
269,Damyanti Pai,25,Male,Mumbai,Engineer,2025-04-24
270,Zashil Agrawal,37,Female,Delhi,Doctor,2024-05-19
271,Rachita Goda,33,Male,Kolkata,Nurse,2024-05-21
272,Kalpit Palla,41,Female,Bangalore,Accountant,2023-01-16
273,Falguni Saxena,59,Male,Ahmedabad,Accountant,2023-08-13
274,Odika Deol,35,Male,Pune,Businessman,2022-05-19
275,Sai Sankaran,46,Female,Chennai,Lawyer,2023-02-24
276,Yauvani Badal,24,Female,Pune,Engineer,2023-08-26
277,Oliver Nagy,43,Female,Chennai,Doctor,2021-07-10
278,Henry Yohannan,70,Female,Delhi,Businessman,2023-01-19
279,Watika Kade,59,Male,Mumbai,Lawyer,2024-05-27
280,Jasmit Comar,33,Male,Chennai,Doctor,2022-05-22
281,Janani Jani,66,Male,Chennai,Businessman,2024-03-08
282,Isaac Khanna,39,Male,Mumbai,Student,2022-10-22
283,Samarth Golla,27,Male,Hyderabad,Teacher,2022-03-11
284,Viraj Bhavsar,25,Male,Bangalore,Engineer,2024-12-13
285,Daksh Bera,40,Male,Pune,Engineer,2024-02-27
286,Unni Chander,29,Female,Mumbai,Teacher,2025-05-03
287,Sara Sachdeva,65,Female,Delhi,Doctor,2026-02-16
288,Anita Borde,48,Female,Pune,Doctor,2023-04-15
289,Maya Vyas,46,Male,Mumbai,Student,2025-10-22
290,Krishna Kota,47,Male,Mumbai,Nurse,2022-08-03
291,Mitali Khalsa,43,Female,Delhi,Nurse,2025-02-25
292,Jatin Cheema,63,Female,Delhi,Doctor,2022-06-23
293,Daksh Swaminathan,38,Male,Delhi,Teacher,2023-11-09
294,Chaman Tailor,35,Female,Kolkata,Student,2022-02-08
295,Shivani Dyal,47,Female,Delhi,Doctor,2024-11-29
296,Oeshi Chandra,59,Male,Kolkata,Nurse,2024-04-10
297,Wazir Nath,32,Female,Pune,Nurse,2024-01-09
298,Sanaya Shah,43,Female,Delhi,Lawyer,2022-02-17
299,Nikita Bala,45,Female,Hyderabad,Lawyer,2023-08-05
300,Ekaraj Oza,27,Female,Delhi,Doctor,2022-03-02
301,Bhavna Jaggi,23,Male,Kolkata,Doctor,2025-01-04
302,Warhi Konda,65,Female,Bangalore,Engineer,2023-10-04
303,Aadhya Ramakrishnan,55,Female,Delhi,Accountant,2023-07-20
304,Gunbir Pall,40,Female,Mumbai,Student,2026-01-08
305,Kamya Puri,56,Female,Pune,Doctor,2026-01-20
306,Darika Borah,54,Male,Bangalore,Nurse,2023-08-16
307,Kashish Murty,32,Male,Pune,Lawyer,2025-03-11
308,Kritika Khare,25,Female,Chennai,Accountant,2025-10-10
309,Matthew Malhotra,53,Male,Hyderabad,Engineer,2024-01-11
310,Gaurang Shan,29,Female,Hyderabad,Lawyer,2023-12-07
311,Yashawini Mishra,40,Male,Bangalore,Teacher,2023-04-20
312,Jason Vaidya,54,Female,Delhi,Teacher,2024-12-16
313,Pranav Mannan,65,Male,Delhi,Businessman,2025-07-08
314,Ekalinga Saha,42,Female,Ahmedabad,Lawyer,2024-09-09
315,Anthony Koshy,28,Female,Hyderabad,Lawyer,2021-05-14
316,Vidhi Om,67,Male,Mumbai,Teacher,2021-07-18
317,Zayyan Singhal,28,Male,Delhi,Student,2022-11-18
318,Jalsa Jaggi,46,Female,Ahmedabad,Nurse,2025-08-01
319,Ganga Dhingra,44,Female,Chennai,Doctor,2025-09-22
320,Champak Din,40,Female,Delhi,Student,2025-08-14
321,Shravya Hayre,61,Female,Hyderabad,Engineer,2024-09-24
322,Leena Seth,32,Female,Mumbai,Engineer,2025-01-14
323,Raghav Dhaliwal,31,Female,Chennai,Teacher,2024-07-24
324,Aarnav Chopra,66,Female,Hyderabad,Lawyer,2024-11-19
325,Warjas Chatterjee,25,Male,Ahmedabad,Accountant,2024-12-19
326,Leela Bajwa,29,Male,Kolkata,Businessman,2026-03-03
327,Imaran Rama,50,Female,Delhi,Accountant,2022-04-27
328,Samesh Gole,65,Male,Kolkata,Engineer,2023-01-29
329,Kabir Bhandari,47,Male,Pune,Accountant,2024-08-04
330,Vamakshi Chad,54,Female,Kolkata,Student,2026-01-28
331,Anusha Borde,25,Female,Mumbai,Lawyer,2024-01-22
332,Nikita Buch,28,Female,Pune,Doctor,2024-04-16
333,Darsh Shah,45,Male,Chennai,Accountant,2024-04-22
334,Faraj Iyengar,55,Female,Delhi,Accountant,2025-08-20
335,Nitara Rout,37,Female,Chennai,Lawyer,2021-11-14
336,Zehaan Srivastava,67,Male,Delhi,Doctor,2021-03-30
337,Samuel Bala,51,Male,Pune,Lawyer,2026-02-16
338,Yachana Varghese,64,Male,Chennai,Doctor,2024-11-06
339,Arunima Parekh,27,Female,Chennai,Teacher,2021-11-17
340,Ganga Nayak,56,Male,Delhi,Teacher,2021-10-15
341,Alexander Natarajan,67,Female,Ahmedabad,Nurse,2025-06-20
342,Bakhshi Balasubramanian,61,Female,Pune,Teacher,2021-04-27
343,Ishaan Subramanian,46,Male,Ahmedabad,Nurse,2023-10-27
344,Vincent Chatterjee,58,Female,Hyderabad,Engineer,2025-09-08
345,Kavya Saran,40,Male,Hyderabad,Nurse,2023-09-25
346,Warinder Guha,46,Male,Mumbai,Lawyer,2025-01-16
347,Krishna Ram,36,Male,Delhi,Accountant,2023-01-15
348,Ranveer Patla,47,Male,Ahmedabad,Businessman,2024-12-13
349,Kritika Narang,38,Female,Bangalore,Engineer,2023-12-21
350,Hritik Chada,46,Male,Pune,Doctor,2021-07-18
351,Yagnesh Chakrabarti,50,Male,Mumbai,Businessman,2025-11-05
352,Vrishti Grewal,63,Female,Ahmedabad,Teacher,2023-03-16
353,Gayathri Oza,41,Female,Hyderabad,Accountant,2024-09-30
354,Fitan Goswami,44,Female,Mumbai,Lawyer,2023-08-20
355,David Vora,22,Female,Delhi,Accountant,2025-08-04
356,Fitan Dora,36,Female,Bangalore,Lawyer,2021-05-19
357,Damyanti Tata,23,Male,Pune,Student,2021-07-21
358,Vamakshi Dewan,59,Female,Bangalore,Doctor,2025-10-31
359,Edhitha Gole,37,Female,Pune,Teacher,2022-03-26
360,Aachal Chad,60,Male,Kolkata,Lawyer,2021-09-17
361,Zashil Mandal,19,Female,Hyderabad,Teacher,2023-06-19
362,Falguni Oza,31,Female,Ahmedabad,Businessman,2023-06-10
363,Robert Gara,32,Male,Bangalore,Doctor,2022-09-14
364,Avi Handa,36,Male,Mumbai,Lawyer,2022-09-16
365,Dayamai Walia,67,Male,Kolkata,Teacher,2022-12-12
366,Anika Gulati,28,Male,Bangalore,Nurse,2024-12-31
367,Wridesh Divan,20,Female,Pune,Businessman,2024-01-31
368,Kamya Palan,46,Female,Ahmedabad,Businessman,2024-02-28
369,Yash Ahluwalia,52,Male,Hyderabad,Nurse,2024-06-11
370,Pahal Sarkar,30,Female,Ahmedabad,Nurse,2022-06-16
371,Siddharth Nigam,67,Female,Kolkata,Accountant,2024-11-19
372,Harish Rege,28,Male,Bangalore,Student,2021-04-11
373,Tanvi Halder,21,Female,Pune,Doctor,2022-08-22
374,Wridesh Samra,63,Male,Hyderabad,Doctor,2024-06-18
375,Anya Sehgal,66,Male,Hyderabad,Nurse,2021-08-26
376,Ekanta Magar,50,Male,Kolkata,Doctor,2025-07-17
377,Aarush Pal,32,Female,Pune,Engineer,2022-04-26
378,Yashasvi Garde,44,Male,Kolkata,Lawyer,2022-06-25
379,Arin Kannan,33,Female,Delhi,Lawyer,2024-10-02
380,Radha Dar,32,Male,Pune,Doctor,2021-05-29
381,Dayamai Dyal,63,Female,Bangalore,Teacher,2022-11-04
382,Zaitra Kar,20,Female,Ahmedabad,Teacher,2021-12-06
383,Hiral Solanki,66,Female,Ahmedabad,Engineer,2021-10-13
384,Lopa Tak,23,Male,Hyderabad,Businessman,2023-08-12
385,Manan Badal,27,Female,Delhi,Student,2021-05-17
386,Frederick Batta,33,Female,Delhi,Engineer,2024-01-19
387,Agastya Taneja,33,Female,Ahmedabad,Doctor,2026-02-14
388,Raghav Sehgal,25,Female,Mumbai,Businessman,2025-10-26
389,Samarth Memon,63,Male,Hyderabad,Accountant,2023-06-18
390,Keya Soman,18,Female,Chennai,Accountant,2022-09-18
391,Barkha Parekh,29,Male,Pune,Doctor,2021-11-07
392,Chakradev Deol,51,Male,Kolkata,Nurse,2023-11-04
393,Manbir Ben,20,Female,Pune,Student,2025-05-12
394,Owen Dey,65,Male,Pune,Doctor,2024-08-06
395,Abha Sarna,40,Male,Delhi,Lawyer,2025-07-17
396,Abhiram Mukherjee,26,Male,Pune,Lawyer,2022-07-20
397,Harshil Tandon,70,Male,Ahmedabad,Nurse,2022-08-20
398,Bhavya Srinivas,58,Male,Bangalore,Doctor,2024-09-09
399,Qabil Bhatti,63,Female,Mumbai,Student,2022-06-30
400,Janya Warrior,30,Male,Chennai,Engineer,2021-03-17
401,Eiravati Apte,38,Female,Kolkata,Nurse,2025-11-15
402,Triveni Magar,34,Male,Chennai,Student,2026-03-05
403,Rajeshri Narain,40,Male,Pune,Student,2026-01-07
404,Rachit Iyer,25,Female,Kolkata,Accountant,2021-09-05
405,Abhimanyu Chad,65,Female,Kolkata,Lawyer,2025-07-09
406,Dalbir Puri,29,Female,Ahmedabad,Lawyer,2022-08-17
407,Chakradev Upadhyay,69,Female,Delhi,Accountant,2024-09-01
408,Chameli Pathak,23,Female,Bangalore,Student,2022-04-03
409,Udarsh Walla,38,Male,Delhi,Lawyer,2023-03-04
410,Falak Upadhyay,60,Female,Hyderabad,Nurse,2021-04-14
411,Ridhi Dutta,56,Female,Bangalore,Nurse,2021-12-16
412,Ekaja Hans,40,Female,Mumbai,Lawyer,2022-11-15
413,Anjali Radhakrishnan,57,Female,Hyderabad,Engineer,2021-09-13
414,Varenya Chand,22,Female,Pune,Teacher,2024-06-07
415,Bhavya Samra,19,Male,Ahmedabad,Engineer,2022-06-11
416,Nathaniel Pant,26,Male,Chennai,Lawyer,2021-04-02
417,Chakrika Dora,41,Female,Mumbai,Teacher,2022-09-29
418,Lila Chopra,61,Female,Pune,Lawyer,2022-01-01
419,Chakradev Anne,46,Male,Bangalore,Lawyer,2021-09-18
420,Falan Khurana,43,Female,Hyderabad,Businessman,2022-05-02
421,Naveen Sagar,25,Male,Bangalore,Nurse,2022-06-17
422,Siya Chand,51,Female,Delhi,Student,2024-09-12
423,Vamakshi Varty,67,Female,Ahmedabad,Businessman,2024-10-10
424,Qabil Bakshi,57,Female,Ahmedabad,Businessman,2022-06-19
425,Logan Bhatia,25,Male,Delhi,Nurse,2021-04-26
426,Priya Dass,29,Female,Delhi,Lawyer,2023-05-02
427,Abhiram Acharya,60,Female,Delhi,Student,2022-07-12
428,Udant Deol,37,Male,Bangalore,Lawyer,2025-10-29
429,Samar Bobal,50,Male,Delhi,Businessman,2021-06-24
430,Veer Radhakrishnan,68,Male,Chennai,Nurse,2024-01-08
431,Anthony Bhat,19,Female,Pune,Nurse,2021-08-05
432,Daniel Wali,69,Male,Delhi,Doctor,2025-11-19
433,Faqid Mammen,37,Female,Ahmedabad,Accountant,2025-11-13
434,Gauri Kothari,67,Female,Delhi,Teacher,2023-05-16
435,Champak Sha,38,Male,Ahmedabad,Nurse,2024-06-17
436,Ekiya Oommen,61,Female,Bangalore,Teacher,2024-12-01
437,Girish Atwal,67,Male,Kolkata,Engineer,2023-12-28
438,Krishna Mangat,25,Male,Hyderabad,Teacher,2023-10-22
439,Mohammed Lanka,28,Female,Chennai,Lawyer,2024-03-24
440,Ishaan Kapur,51,Female,Delhi,Student,2025-01-21
441,Wakeeta Parsa,30,Female,Bangalore,Student,2022-07-30
442,Eiravati Johal,57,Male,Bangalore,Teacher,2021-06-17
443,Sachi Vyas,28,Female,Mumbai,Engineer,2023-05-25
444,Peter Bir,23,Male,Hyderabad,Businessman,2024-07-01
445,Zarna Nagarajan,67,Female,Mumbai,Nurse,2023-04-15
446,Udyati Mukherjee,58,Female,Hyderabad,Nurse,2025-08-27
447,Ekta Dixit,33,Female,Hyderabad,Nurse,2021-03-17
448,Wyatt Shere,22,Male,Bangalore,Nurse,2026-02-10
449,Sanaya Chanda,44,Female,Ahmedabad,Businessman,2021-04-01
450,Teerth Shere,39,Male,Pune,Lawyer,2022-02-01
451,Mahika Doctor,64,Female,Kolkata,Teacher,2023-06-08
452,Tanay Sundaram,66,Female,Delhi,Lawyer,2022-12-02
453,Tarak Lanka,33,Female,Delhi,Student,2024-06-01
454,Jagrati Dar,46,Male,Bangalore,Doctor,2025-10-06
455,Chaitaly Vasa,21,Female,Kolkata,Accountant,2021-09-11
456,Balendra Hayre,33,Male,Pune,Lawyer,2022-08-05
457,Aarav Mishra,30,Male,Ahmedabad,Nurse,2023-06-08
458,Abhimanyu Uppal,49,Female,Ahmedabad,Engineer,2022-02-09
459,William Sachdev,23,Female,Ahmedabad,Businessman,2021-09-23
460,Jalsa Gokhale,31,Female,Mumbai,Engineer,2024-09-30
461,Dev Pingle,36,Female,Ahmedabad,Student,2022-10-10
462,Naveen Chaudhary,52,Male,Delhi,Accountant,2025-05-11
463,Inaya Solanki,26,Female,Pune,Accountant,2025-11-12
464,Maanav Vaidya,41,Male,Kolkata,Engineer,2024-06-24
465,Ubika Gandhi,54,Male,Pune,Student,2023-11-27
466,Ekiya Nayak,22,Female,Ahmedabad,Student,2024-08-01
467,Hamsini Mander,70,Male,Bangalore,Doctor,2022-04-25
468,Eta Krish,43,Female,Pune,Lawyer,2023-04-30
469,Chakradhar Andra,66,Male,Chennai,Accountant,2023-07-07
470,Charita Bhasin,50,Male,Mumbai,Engineer,2022-11-11
471,Shaurya Kohli,26,Female,Ahmedabad,Nurse,2024-07-04
472,Zaitra Handa,27,Male,Pune,Lawyer,2025-01-17
473,Ojasvi Luthra,28,Female,Hyderabad,Lawyer,2024-09-29
474,Meghana Tripathi,50,Female,Hyderabad,Nurse,2022-02-26
475,Yashoda Bath,70,Male,Pune,Lawyer,2023-01-16
476,Nathaniel Keer,61,Male,Kolkata,Student,2022-05-31
477,Gautami Narula,68,Male,Ahmedabad,Student,2023-10-14
478,Falan Mall,59,Male,Mumbai,Nurse,2025-08-02
479,Libni Gupta,28,Female,Bangalore,Businessman,2025-09-16
480,Ishwar Sandal,20,Male,Chennai,Engineer,2023-12-03
481,Xiti Wason,46,Female,Kolkata,Teacher,2025-09-03
482,Maanas Kannan,44,Male,Kolkata,Nurse,2023-11-18
483,Yuvraj Menon,65,Male,Bangalore,Businessman,2022-05-08
484,Suhani Dyal,53,Female,Ahmedabad,Accountant,2023-09-21
485,Rajeshri Murty,38,Male,Ahmedabad,Lawyer,2023-10-16
486,Ojasvi Hegde,52,Female,Hyderabad,Nurse,2021-12-25
487,Yadavi Kalla,30,Male,Hyderabad,Student,2023-01-23
488,Veda Rege,32,Female,Hyderabad,Businessman,2024-01-22
489,Arya Apte,62,Female,Pune,Nurse,2022-02-08
490,Arin Parikh,40,Female,Hyderabad,Doctor,2021-06-24
491,Isaiah Sheth,54,Female,Kolkata,Lawyer,2024-10-08
492,Janaki Das,67,Male,Hyderabad,Engineer,2022-08-04
493,Devika Basu,36,Male,Pune,Nurse,2025-11-04
494,Hiral Gupta,59,Female,Ahmedabad,Businessman,2021-03-21
495,Diya Mahajan,30,Female,Hyderabad,Teacher,2023-01-03
496,Gaurang Kumer,24,Male,Chennai,Engineer,2021-04-25
497,Vincent Anand,60,Male,Chennai,Engineer,2022-11-11
498,Avi Narula,24,Female,Pune,Nurse,2025-01-21
499,Michael Prabhakar,24,Male,Mumbai,Teacher,2024-12-02
500,Ridhi Ganguly,44,Female,Ahmedabad,Businessman,2022-10-10
501,Neelima Kuruvilla,66,Female,Pune,Student,2024-11-28
502,Anjali Chokshi,59,Male,Delhi,Businessman,2024-06-09
503,Abha Mall,52,Male,Bangalore,Accountant,2023-06-20
504,Jackson Mohanty,29,Male,Kolkata,Nurse,2025-06-30
505,Theodore Nori,29,Female,Mumbai,Engineer,2024-06-15
506,Janaki Dyal,37,Male,Pune,Student,2022-06-19
507,Jhalak Desai,47,Female,Bangalore,Nurse,2022-04-16
508,Ekbal Balasubramanian,35,Male,Delhi,Lawyer,2023-06-30
509,Zinal Toor,28,Female,Hyderabad,Teacher,2024-06-13
510,Vivaan Balasubramanian,18,Female,Hyderabad,Businessman,2021-06-06
511,Caleb Shankar,29,Female,Kolkata,Lawyer,2023-06-21
512,Chakrika Wali,23,Female,Delhi,Teacher,2023-05-19
513,Oni Ghose,26,Female,Pune,Businessman,2021-05-03
514,Dominic Patil,18,Female,Kolkata,Businessman,2025-05-14
515,Laban Loyal,46,Female,Pune,Student,2023-05-24
516,Ryan Contractor,55,Male,Hyderabad,Lawyer,2024-08-10
517,Nirja Saxena,62,Male,Mumbai,Doctor,2024-04-17
518,Dominic Mahajan,47,Female,Bangalore,Accountant,2024-11-02
519,Yahvi Prashad,61,Female,Delhi,Student,2025-03-14
520,Krish Handa,41,Male,Chennai,Teacher,2025-11-11
521,Yauvani Kar,48,Male,Ahmedabad,Lawyer,2024-05-29
522,Aarush Suri,44,Female,Chennai,Businessman,2021-05-11
523,Pushti Chacko,61,Male,Ahmedabad,Lawyer,2023-02-28
524,Laksh Boase,22,Male,Mumbai,Businessman,2022-10-18
525,Tarak Konda,54,Male,Bangalore,Lawyer,2024-05-30
526,Hitesh Sarkar,51,Female,Delhi,Businessman,2022-09-08
527,Harsh Patla,63,Female,Delhi,Nurse,2025-03-11
528,Arin Rau,69,Male,Ahmedabad,Teacher,2022-01-20
529,Quincy Master,50,Female,Ahmedabad,Engineer,2024-08-16
530,Neha Parikh,53,Female,Hyderabad,Engineer,2026-01-19
531,Faris Sangha,43,Female,Mumbai,Businessman,2021-04-14
532,Vanya Sood,55,Male,Mumbai,Accountant,2023-01-01
533,Finn Bera,40,Male,Mumbai,Doctor,2021-06-12
534,Agastya Pandey,48,Male,Hyderabad,Accountant,2024-06-10
535,Christopher Patel,29,Male,Kolkata,Lawyer,2023-01-18
536,Brinda Prashad,42,Female,Kolkata,Accountant,2023-05-23
537,Mohini Nadig,23,Male,Pune,Doctor,2023-02-18
538,Hitesh Biswas,29,Female,Bangalore,Businessman,2021-10-13
539,Faris Varty,18,Male,Hyderabad,Nurse,2022-01-04
540,Jack Srinivasan,61,Female,Kolkata,Businessman,2023-03-25
541,Meera Natt,33,Female,Pune,Teacher,2025-07-06
542,Bhavini Agarwal,35,Male,Delhi,Engineer,2024-05-26
543,Pavani Madan,69,Female,Mumbai,Businessman,2026-02-13
544,Hitesh Yadav,31,Male,Delhi,Engineer,2025-04-16
545,Sathvik Jani,46,Male,Chennai,Engineer,2023-01-20
546,Tanay Nayak,43,Female,Chennai,Businessman,2023-07-13
547,Siya Salvi,66,Male,Bangalore,Student,2026-02-01
548,Lakshmi Walia,32,Female,Pune,Businessman,2024-06-24
549,Yutika Ahluwalia,37,Male,Chennai,Accountant,2023-04-28
550,Upma Grewal,37,Female,Mumbai,Teacher,2024-07-28
551,Barkha Dube,58,Female,Ahmedabad,Engineer,2021-11-26
552,Rachit Loyal,40,Female,Pune,Accountant,2024-08-14
553,Aachal Lalla,44,Male,Hyderabad,Accountant,2022-01-20
554,Lopa Bhatt,29,Female,Chennai,Businessman,2022-03-31
555,Ekanta Sachdev,37,Male,Ahmedabad,Engineer,2025-10-08
556,Nilima Ramachandran,53,Female,Kolkata,Teacher,2021-06-06
557,Logan Bandi,42,Male,Hyderabad,Businessman,2023-01-05
558,Yatin Ben,39,Male,Ahmedabad,Lawyer,2023-05-02
559,Garima Pau,23,Male,Mumbai,Student,2024-03-16
560,Chandani Samra,42,Male,Delhi,Businessman,2024-08-18
561,Isaac Kant,69,Male,Ahmedabad,Businessman,2023-06-13
562,Anvi Mani,39,Female,Mumbai,Businessman,2024-09-08
563,Pranit Vaidya,30,Male,Ahmedabad,Businessman,2024-03-08
564,Krishna Uppal,62,Male,Kolkata,Businessman,2026-03-08
565,Amara Vala,53,Female,Hyderabad,Accountant,2024-11-01
566,Tanay Barad,47,Female,Hyderabad,Student,2023-05-10
567,Ijaya Deshmukh,41,Female,Ahmedabad,Doctor,2023-01-16
568,Ikbal Gupta,69,Female,Pune,Businessman,2025-06-03
569,Ishwar Chakraborty,41,Female,Kolkata,Engineer,2022-08-11
570,Devika Andra,54,Male,Bangalore,Engineer,2025-03-12
571,Jeevika Buch,34,Female,Hyderabad,Teacher,2025-11-15
572,Jatin Bahri,30,Female,Chennai,Accountant,2021-06-29
573,Benjamin Sahota,54,Male,Ahmedabad,Lawyer,2022-04-06
574,Dalaja Krishna,34,Female,Ahmedabad,Nurse,2025-10-27
575,Sudiksha Sem,28,Female,Bangalore,Teacher,2022-02-27
576,Anirudh Narain,64,Female,Bangalore,Engineer,2023-11-02
577,Jonathan Saxena,51,Male,Delhi,Engineer,2025-02-28
578,Ekanta Ramesh,66,Male,Kolkata,Teacher,2024-10-21
579,Laban Mohanty,58,Male,Delhi,Teacher,2024-05-11
580,Avi Rajagopal,18,Male,Ahmedabad,Lawyer,2021-12-15
581,Ishwar Ramakrishnan,21,Female,Ahmedabad,Engineer,2024-09-03
582,Tanmayi Luthra,18,Female,Mumbai,Engineer,2022-12-23
583,Upma Varghese,51,Female,Hyderabad,Engineer,2022-08-20
584,Samuel Bahl,50,Female,Bangalore,Doctor,2024-11-06
585,Yatin Bains,24,Male,Chennai,Businessman,2025-12-26
586,Nitesh Sridhar,57,Female,Pune,Student,2022-09-15
587,Hredhaan Kapadia,68,Female,Delhi,Lawyer,2023-04-07
588,Edhitha Dada,43,Female,Chennai,Businessman,2022-12-26
589,Agastya Chawla,37,Male,Mumbai,Doctor,2025-12-05
590,Owen Rege,43,Female,Kolkata,Nurse,2022-11-16
591,Hardik Mitra,21,Male,Bangalore,Doctor,2023-06-13
592,Karan Palla,49,Female,Pune,Doctor,2021-12-26
593,Mohini Karnik,51,Male,Chennai,Businessman,2024-01-03
594,Ekapad Mallick,62,Female,Hyderabad,Engineer,2023-02-22
595,Maya Narang,22,Female,Mumbai,Teacher,2025-06-24
596,Tanay Bassi,38,Male,Chennai,Teacher,2025-01-09
597,Neel Luthra,66,Female,Delhi,Student,2023-07-16
598,Ryan Nadkarni,28,Male,Kolkata,Lawyer,2023-02-08
599,Parth Ravi,42,Male,Delhi,Lawyer,2021-06-25
600,Daksh Acharya,21,Male,Kolkata,Businessman,2024-08-11
601,Aarini Chaudhary,22,Female,Kolkata,Lawyer,2024-09-18
602,Nilima Palan,19,Female,Ahmedabad,Nurse,2024-03-31
603,Ekalinga Dugar,32,Female,Kolkata,Accountant,2025-03-19
604,Devika Mukherjee,29,Female,Delhi,Student,2023-08-12
605,Prisha Dhawan,69,Male,Delhi,Doctor,2026-03-09
606,Krish Kota,35,Male,Kolkata,Teacher,2026-03-10
607,Hemangini Radhakrishnan,65,Female,Pune,Lawyer,2025-01-16
608,Jack Shenoy,24,Male,Mumbai,Student,2023-06-10
609,Ranveer Seth,46,Female,Hyderabad,Doctor,2022-08-10
610,Siya Char,26,Male,Bangalore,Accountant,2022-06-11
611,Ria Chadha,46,Female,Delhi,Engineer,2022-05-31
612,Ryan Sankar,23,Female,Delhi,Lawyer,2024-04-11
613,Abeer Devi,42,Male,Hyderabad,Accountant,2026-03-14
614,Lakshmi Pandit,42,Male,Chennai,Teacher,2021-05-13
615,Logan Vyas,61,Female,Bangalore,Teacher,2025-11-13
616,Bina Chatterjee,35,Female,Hyderabad,Nurse,2025-11-18
617,Max Kanda,27,Male,Bangalore,Accountant,2023-02-27
618,Urishilla Nori,35,Female,Hyderabad,Nurse,2024-08-22
619,Gautami D’Alia,68,Male,Pune,Student,2023-10-22
620,Unni Badami,33,Female,Chennai,Nurse,2026-01-29
621,Gautami De,24,Male,Hyderabad,Engineer,2024-04-29
622,Neelima Das,43,Female,Kolkata,Lawyer,2023-02-05
623,Qarin Zacharia,46,Female,Kolkata,Teacher,2023-04-06
624,Baghyawati Subramaniam,37,Female,Chennai,Nurse,2022-11-14
625,Parth Doshi,38,Male,Kolkata,Lawyer,2023-11-22
626,Yatin Kuruvilla,36,Female,Chennai,Lawyer,2021-10-02
627,Jackson Singhal,42,Female,Kolkata,Lawyer,2022-11-22
628,Sneha Dyal,25,Male,Bangalore,Engineer,2022-08-26
629,Yoshita Raju,64,Female,Chennai,Nurse,2021-04-07
630,Devika Jayaraman,69,Female,Delhi,Accountant,2023-10-01
631,Brijesh Karan,61,Female,Bangalore,Student,2022-04-30
632,Ekapad Shroff,33,Female,Bangalore,Accountant,2022-03-16
633,Ekapad Kari,68,Female,Delhi,Nurse,2023-09-01
634,Dipta Sethi,56,Female,Kolkata,Accountant,2023-11-15
635,Chaitanya Tailor,52,Male,Pune,Doctor,2021-09-29
636,Theodore Ganesan,24,Male,Pune,Teacher,2022-12-04
637,Anya Iyer,59,Male,Kolkata,Lawyer,2022-09-07
638,Vincent Chakrabarti,68,Female,Delhi,Engineer,2021-07-30
639,Dominic Agrawal,24,Female,Chennai,Businessman,2025-09-22
640,Neelima Brar,46,Female,Kolkata,Nurse,2021-07-28
641,Varsha Pant,67,Male,Pune,Engineer,2022-04-20
642,Dakshesh Sachdeva,48,Male,Hyderabad,Accountant,2023-07-09
643,Yahvi Tailor,23,Male,Bangalore,Lawyer,2025-10-27
644,Naveen Oommen,37,Female,Ahmedabad,Businessman,2026-02-19
645,Harita Rattan,51,Female,Pune,Nurse,2023-09-24
646,Zayyan Jhaveri,24,Female,Ahmedabad,Lawyer,2025-02-06
647,Zehaan Tripathi,22,Female,Mumbai,Doctor,2023-09-18
648,Om Narain,19,Female,Delhi,Teacher,2025-01-27
649,Varsha Sani,65,Male,Bangalore,Teacher,2023-07-09
650,Ikshita Guha,39,Female,Ahmedabad,Businessman,2022-04-08
651,Bhavini Nagy,69,Female,Bangalore,Teacher,2022-08-05
652,Oliver Basak,58,Female,Kolkata,Engineer,2021-09-24
653,Divya Nagarajan,65,Male,Ahmedabad,Accountant,2021-09-03
654,Harrison Wali,42,Male,Chennai,Businessman,2022-09-09
655,Ayush Bhargava,35,Male,Delhi,Teacher,2022-10-20
656,Aahana Taneja,41,Female,Chennai,Nurse,2025-03-31
657,Vasatika Chana,25,Female,Ahmedabad,Lawyer,2022-12-28
658,Widisha Deep,56,Female,Kolkata,Doctor,2024-04-12
659,Inaya Walia,40,Female,Ahmedabad,Teacher,2022-05-22
660,Brijesh Zachariah,70,Female,Delhi,Teacher,2022-03-04
661,Laban Master,38,Male,Chennai,Student,2023-02-28
662,Ryan Chaudhary,25,Male,Pune,Teacher,2024-08-24
663,Ekavir Hegde,50,Female,Kolkata,Teacher,2023-02-23
664,Zayyan Barad,54,Female,Kolkata,Teacher,2022-03-17
665,Dipta Chada,49,Male,Bangalore,Nurse,2021-12-31
666,Dhriti Walla,36,Male,Bangalore,Lawyer,2024-12-02
667,Ikbal Dhar,46,Male,Pune,Engineer,2022-02-21
668,Udyati Sengupta,49,Male,Chennai,Accountant,2024-09-13
669,Unnati Nagi,53,Female,Kolkata,Nurse,2025-09-22
670,Shaurya Tank,44,Female,Ahmedabad,Teacher,2023-05-10
671,Saksham Kala,23,Male,Chennai,Student,2025-04-22
672,Divya Mistry,20,Female,Chennai,Student,2023-09-06
673,Manbir Kapadia,28,Female,Ahmedabad,Doctor,2023-09-26
674,Lakshmi Patla,54,Male,Hyderabad,Lawyer,2022-07-25
675,Varsha Ratta,52,Male,Ahmedabad,Businessman,2025-05-10
676,Harsh Gaba,45,Male,Chennai,Student,2023-07-09
677,Aryan Modi,20,Female,Hyderabad,Lawyer,2022-06-05
678,Vasatika Uppal,70,Male,Ahmedabad,Doctor,2022-09-07
679,Madhavi Shankar,67,Male,Chennai,Lawyer,2021-06-04
680,Mitesh Devan,63,Female,Bangalore,Teacher,2023-01-01
681,Gaurangi Sridhar,68,Male,Chennai,Engineer,2023-07-27
682,Nirja Comar,54,Female,Hyderabad,Teacher,2023-07-27
683,Riya Das,38,Female,Hyderabad,Student,2022-01-31
684,Charvi Krishnan,50,Male,Bangalore,Accountant,2024-09-03
685,Nidhi Singh,21,Female,Bangalore,Teacher,2021-07-30
686,Chaman Raju,33,Male,Pune,Businessman,2022-08-02
687,Ridhi Shroff,66,Female,Ahmedabad,Teacher,2021-04-20
688,Eesha Gera,54,Female,Kolkata,Accountant,2025-10-26
689,Abdul Sinha,46,Male,Delhi,Accountant,2024-08-07
690,Yauvani Garg,50,Female,Pune,Nurse,2023-12-16
691,Daksha Saini,49,Female,Mumbai,Doctor,2024-07-02
692,Yug Sarna,64,Female,Pune,Doctor,2023-10-10
693,Sathvik Kumer,68,Female,Chennai,Accountant,2021-12-24
694,Warinder Parmar,70,Male,Ahmedabad,Student,2021-03-21
695,Hredhaan Roy,38,Female,Pune,Teacher,2025-10-26
696,Sathvik Dutta,54,Female,Pune,Engineer,2025-10-14
697,Darsh Gala,20,Male,Ahmedabad,Engineer,2023-06-05
698,Tanay Bhavsar,25,Male,Ahmedabad,Nurse,2026-01-26
699,Zehaan Gera,18,Female,Chennai,Teacher,2024-12-27
700,Girik Bumb,59,Female,Bangalore,Student,2025-09-26
701,Inaya Deshpande,23,Female,Hyderabad,Doctor,2023-01-03
702,Kritika Lad,41,Male,Mumbai,Accountant,2024-04-18
703,Chakrika Sarin,58,Female,Chennai,Accountant,2022-03-15
704,Anika Brahmbhatt,59,Male,Delhi,Engineer,2025-04-18
705,Ranbir Sahota,31,Female,Delhi,Teacher,2025-04-13
706,Shivani Sule,55,Male,Ahmedabad,Engineer,2021-07-29
707,Praneel Dewan,18,Female,Delhi,Accountant,2022-03-26
708,Aadhya Venkatesh,62,Male,Ahmedabad,Doctor,2024-03-25
709,Qushi Sane,32,Female,Delhi,Doctor,2024-03-04
710,Kashish Lad,24,Female,Pune,Student,2023-03-10
711,Arunima Parekh,26,Female,Bangalore,Teacher,2025-07-30
712,Pranit Bhat,22,Male,Bangalore,Nurse,2024-05-31
713,Gaurav Joshi,40,Male,Bangalore,Accountant,2024-05-31
714,Maya Bhavsar,57,Female,Chennai,Doctor,2021-08-23
715,Xalak Chhabra,24,Male,Delhi,Accountant,2021-12-14
716,Sai Sha,40,Female,Pune,Teacher,2022-01-15
717,Onveer Butala,33,Female,Delhi,Businessman,2025-01-04
718,Yauvani Chowdhury,53,Female,Mumbai,Student,2025-10-10
719,Mahika Bali,31,Male,Kolkata,Student,2025-06-11
720,Hardik Srinivasan,59,Male,Chennai,Nurse,2024-10-28
721,Abdul Mangal,42,Male,Chennai,Nurse,2025-02-06
722,Vritti Manda,58,Male,Mumbai,Lawyer,2021-09-16
723,Gaurav Buch,38,Male,Kolkata,Accountant,2021-06-21
724,Parth Varghese,41,Male,Ahmedabad,Doctor,2021-04-23
725,Neelima Samra,19,Male,Mumbai,Student,2026-03-12
726,Yoshita Mohan,31,Male,Mumbai,Accountant,2021-11-11
727,Guneet Dani,50,Female,Kolkata,Accountant,2025-01-05
728,Christopher Kala,62,Female,Delhi,Teacher,2023-09-16
729,Yashodhara Dhawan,35,Male,Hyderabad,Doctor,2024-09-07
730,Harrison Jha,50,Male,Bangalore,Lawyer,2023-01-14
731,Orinder Mody,43,Male,Hyderabad,Accountant,2024-12-12
732,Oni Gour,64,Male,Mumbai,Businessman,2024-01-31
733,Tanvi Sekhon,23,Female,Delhi,Nurse,2022-03-06
734,Mason Pillai,57,Male,Hyderabad,Teacher,2025-08-01
735,Harini Korpal,25,Male,Bangalore,Engineer,2022-08-21
736,Meghana Chada,28,Female,Pune,Student,2021-04-20
737,Chaitaly Thaman,28,Female,Bangalore,Student,2022-05-07
738,Ishaan Agrawal,64,Male,Mumbai,Lawyer,2022-09-17
739,Pratyush Sheth,69,Female,Hyderabad,Doctor,2024-09-16
740,Finn Khanna,34,Male,Ahmedabad,Nurse,2022-03-19
741,Zayyan Soman,50,Female,Mumbai,Nurse,2021-11-09
742,Unnati Mitra,54,Male,Pune,Teacher,2021-09-20
743,Ekapad Cheema,34,Male,Delhi,Businessman,2025-09-18
744,Gautam Pillai,65,Male,Mumbai,Engineer,2021-04-27
745,Bhavini Solanki,33,Male,Ahmedabad,Lawyer,2022-08-28
746,Amara Behl,42,Male,Bangalore,Engineer,2022-02-13
747,Vasana Mahal,53,Female,Chennai,Lawyer,2022-08-12
748,Jatin Shan,33,Female,Pune,Student,2021-07-14
749,Jonathan Dua,70,Male,Pune,Doctor,2021-10-21
750,Chaaya Oak,50,Male,Bangalore,Businessman,2021-08-09
751,Ekantika Taneja,69,Male,Kolkata,Doctor,2021-12-16
752,Vasudha Chacko,47,Female,Hyderabad,Lawyer,2024-02-16
753,Daksh Lalla,23,Female,Mumbai,Lawyer,2023-01-20
754,Praneel Dubey,30,Female,Hyderabad,Businessman,2022-07-23
755,Anya Memon,47,Female,Ahmedabad,Businessman,2021-11-27
756,Triya Sur,64,Male,Bangalore,Engineer,2024-09-23
757,Chakradhar Desai,44,Male,Chennai,Lawyer,2025-02-08
758,Baghyawati Sha,58,Male,Pune,Engineer,2021-11-26
759,Bhavya Dalal,66,Female,Hyderabad,Doctor,2024-02-06
760,Shravya Pal,31,Male,Kolkata,Nurse,2022-05-18
761,Amol Goswami,21,Male,Hyderabad,Doctor,2021-06-02
762,Nakul Arya,20,Male,Kolkata,Lawyer,2022-05-09
763,Damyanti Tella,47,Male,Delhi,Teacher,2021-07-13
764,Abdul D’Alia,58,Female,Delhi,Engineer,2022-02-10
765,Reva Wadhwa,45,Male,Chennai,Student,2025-05-22
766,Yauvani Tata,34,Female,Kolkata,Lawyer,2021-11-25
767,Mugdha Dalal,38,Female,Hyderabad,Businessman,2021-09-09
768,Chakradhar Bawa,22,Male,Bangalore,Doctor,2023-12-01
769,Azaan Kannan,27,Male,Bangalore,Nurse,2022-04-26
770,Dhruv Bhargava,47,Female,Kolkata,Doctor,2024-11-20
771,Vedika Dass,52,Female,Chennai,Nurse,2023-07-19
772,Janya Ratta,37,Female,Hyderabad,Doctor,2024-07-05
773,Megha Nanda,23,Male,Hyderabad,Engineer,2022-11-24
774,Parth Khalsa,31,Female,Bangalore,Doctor,2021-07-09
775,Nicholas Pathak,63,Male,Pune,Accountant,2022-07-06
776,Chakradev Dugar,50,Male,Hyderabad,Student,2021-07-05
777,Andrew Sharma,70,Male,Mumbai,Accountant,2023-02-11
778,Harrison Gandhi,46,Male,Delhi,Nurse,2023-03-19
779,Ria Sandal,24,Male,Delhi,Engineer,2022-05-18
780,Chakradhar Venkatesh,21,Male,Bangalore,Businessman,2022-09-24
781,Tarak Morar,70,Female,Pune,Doctor,2024-06-30
782,Logan Srinivas,55,Female,Delhi,Engineer,2024-08-23
783,Triya Prakash,22,Male,Ahmedabad,Teacher,2024-05-01
784,Mason Dash,23,Female,Delhi,Engineer,2025-06-14
785,Jyoti Panchal,47,Male,Bangalore,Accountant,2024-09-25
786,Balhaar Palla,70,Female,Ahmedabad,Engineer,2021-06-01
787,Amruta Gala,42,Female,Bangalore,Lawyer,2023-04-27
788,Ekiya Mukherjee,31,Male,Hyderabad,Student,2024-10-27
789,Irya Gulati,46,Male,Mumbai,Businessman,2024-11-20
790,Gautami Tata,59,Female,Ahmedabad,Accountant,2025-12-29
791,Bhavya Edwin,53,Female,Mumbai,Doctor,2023-01-30
792,Vivaan Jaggi,35,Female,Bangalore,Accountant,2021-07-13
793,Matthew Sahota,30,Male,Mumbai,Accountant,2022-10-15
794,Wishi Mani,68,Female,Ahmedabad,Nurse,2024-07-04
795,Yoshita Lalla,40,Female,Kolkata,Student,2025-10-17
796,Jonathan Varghese,29,Male,Pune,Businessman,2021-12-12
797,Manbir Wali,19,Female,Mumbai,Nurse,2023-02-22
798,Gabriel Gupta,51,Female,Chennai,Teacher,2025-04-15
799,Yatan Bahl,24,Male,Chennai,Student,2024-12-10
800,Ayushman Chander,52,Male,Chennai,Accountant,2021-07-31
801,Ansh Chawla,40,Male,Bangalore,Businessman,2025-10-28
802,Osha Tandon,55,Female,Pune,Engineer,2023-03-18
803,Logan Ramesh,63,Female,Bangalore,Businessman,2022-01-01
804,Zashil Bir,69,Female,Hyderabad,Teacher,2025-05-09
805,Anamika Bail,49,Male,Delhi,Engineer,2026-03-12
806,Gaurika Dalal,32,Male,Mumbai,Nurse,2025-09-30
807,Daniel Bora,18,Female,Chennai,Teacher,2022-05-02
808,Dakshesh Ramanathan,39,Male,Pune,Engineer,2025-10-29
809,Vinaya Bhatia,19,Male,Bangalore,Doctor,2023-01-29
810,Yutika Sha,51,Female,Delhi,Lawyer,2025-10-01
811,Gunbir Rajan,63,Female,Delhi,Lawyer,2023-11-27
812,Lekha Issac,37,Female,Bangalore,Teacher,2025-04-28
813,Christopher Vasa,64,Female,Ahmedabad,Lawyer,2023-02-14
814,Garima Mody,29,Female,Chennai,Teacher,2022-01-08
815,Vrinda Issac,42,Female,Hyderabad,Teacher,2023-10-05
816,Jackson Chand,29,Male,Kolkata,Engineer,2022-07-04
817,Gaurav Viswanathan,29,Female,Chennai,Doctor,2025-05-11
818,Shravya Jaggi,49,Male,Pune,Doctor,2022-08-15
819,Robert Amble,33,Female,Pune,Teacher,2023-03-23
820,Maanas Mahajan,58,Male,Pune,Nurse,2024-11-17
821,Odika Ram,18,Female,Chennai,Businessman,2021-08-09
822,Nachiket Ram,62,Male,Pune,Student,2024-12-11
823,Amaira Mitra,68,Male,Mumbai,Engineer,2025-10-08
824,Xalak Rao,42,Female,Kolkata,Teacher,2022-05-06
825,Gagan Shere,44,Female,Kolkata,Lawyer,2023-05-15
826,Ridhi Bhatia,52,Female,Delhi,Nurse,2021-05-21
827,Ganga Karpe,68,Male,Bangalore,Nurse,2022-09-06
828,Sanaya Lad,22,Male,Hyderabad,Engineer,2025-09-03
829,Balvan Chatterjee,38,Female,Delhi,Doctor,2025-07-31
830,Saanvi Mani,39,Male,Kolkata,Teacher,2022-03-26
831,Ijaya Goda,64,Male,Delhi,Lawyer,2022-05-15
832,Triveni Kapadia,56,Female,Mumbai,Accountant,2023-01-17
833,Wahab Parmer,59,Male,Kolkata,Teacher,2021-07-31
834,Manbir Walia,21,Male,Pune,Businessman,2021-06-11
835,Bhavika Gala,30,Female,Hyderabad,Student,2025-10-21
836,Zinal Raman,37,Male,Delhi,Engineer,2023-01-14
837,Bimala Hegde,43,Female,Bangalore,Engineer,2024-03-03
838,Guneet Kapur,41,Male,Kolkata,Doctor,2025-10-31
839,Lekha Balan,36,Female,Chennai,Doctor,2022-02-25
840,Oviya Boase,19,Male,Bangalore,Student,2022-04-13
841,Zaitra Bhavsar,23,Female,Delhi,Student,2022-10-11
842,Ishanvi Patel,68,Female,Ahmedabad,Nurse,2024-11-07
843,Wishi Kant,60,Female,Delhi,Accountant,2025-10-12
844,Ishanvi Bahl,29,Female,Kolkata,Lawyer,2024-05-10
845,Mekhala Ganesh,29,Female,Mumbai,Student,2024-04-05
846,Aarush Rao,46,Female,Hyderabad,Businessman,2021-05-08
847,Bhavna Deep,35,Male,Bangalore,Doctor,2025-08-29
848,Raghav Lanka,23,Female,Kolkata,Businessman,2025-12-04
849,Veer Sheth,53,Male,Kolkata,Accountant,2023-03-29
850,Wriddhish Bains,52,Female,Chennai,Nurse,2022-10-03
851,Chasmum Ramanathan,37,Male,Kolkata,Engineer,2023-05-22
852,Qasim Kumar,50,Male,Delhi,Nurse,2021-12-14
853,Mugdha Ramanathan,29,Male,Chennai,Businessman,2025-04-18
854,Anamika Dutta,26,Male,Kolkata,Doctor,2024-03-03
855,Jatin Wason,61,Female,Chennai,Teacher,2023-11-02
856,Raksha Chada,56,Female,Pune,Doctor,2022-02-17
857,Bakhshi Khanna,23,Female,Kolkata,Lawyer,2025-07-11
858,Anamika Kala,35,Female,Mumbai,Accountant,2023-01-10
859,Ladli Garde,25,Female,Bangalore,Teacher,2023-07-02
860,Dominic Tandon,54,Male,Delhi,Doctor,2021-06-04
861,Kala Dugar,68,Female,Pune,Accountant,2024-10-05
862,Guneet Ramesh,34,Female,Ahmedabad,Nurse,2021-10-25
863,Chanchal Raghavan,20,Male,Hyderabad,Accountant,2025-09-29
864,Alka Narasimhan,27,Female,Mumbai,Accountant,2025-01-07
865,Ansh Dayal,39,Male,Mumbai,Nurse,2023-10-04
866,Avi Sha,35,Female,Mumbai,Lawyer,2021-04-21
867,Saumya Krish,70,Female,Hyderabad,Student,2023-12-03
868,Faris Dey,49,Male,Chennai,Teacher,2022-07-19
869,Lipika Menon,37,Female,Pune,Student,2023-12-07
870,Sudiksha Batra,64,Female,Delhi,Businessman,2025-03-16
871,Yoshita Prakash,46,Male,Kolkata,Nurse,2025-05-05
872,Noah Som,66,Female,Mumbai,Teacher,2022-01-01
873,Kiaan Murty,22,Female,Kolkata,Teacher,2025-05-21
874,Girindra Kara,67,Male,Bangalore,Businessman,2021-04-07
875,Rushil Tandon,30,Male,Chennai,Engineer,2023-03-17
876,Saanvi Murty,47,Male,Pune,Businessman,2025-11-19
877,Aahana Narayan,35,Female,Ahmedabad,Accountant,2023-01-20
878,Anvi Goyal,58,Male,Mumbai,Businessman,2023-01-20
879,Victor Karpe,41,Female,Ahmedabad,Teacher,2023-10-07
880,Nicholas Shenoy,48,Female,Pune,Teacher,2026-01-21
881,Chanchal Chander,34,Male,Hyderabad,Engineer,2022-09-01
882,Zilmil Borra,42,Male,Bangalore,Businessman,2024-09-29
883,Vihaan Vaidya,32,Male,Chennai,Student,2025-01-27
884,Theodore Shenoy,59,Female,Mumbai,Engineer,2025-01-23
885,Chaman Kohli,48,Male,Bangalore,Engineer,2022-06-17
886,Lopa Borde,32,Female,Hyderabad,Student,2025-11-27
887,Daksha Bala,45,Female,Pune,Nurse,2023-09-12
888,Brijesh Mistry,34,Male,Ahmedabad,Student,2024-12-14
889,Elijah Bahri,61,Female,Delhi,Engineer,2022-07-18
890,Zashil Khurana,50,Female,Hyderabad,Student,2022-10-31
891,Eesha Char,61,Male,Ahmedabad,Doctor,2022-04-04
892,Unni Chaudry,39,Female,Pune,Student,2023-09-12
893,Lohit Prashad,34,Female,Chennai,Teacher,2025-02-20
894,Faras Doctor,51,Male,Mumbai,Accountant,2024-01-27
895,Nicholas Mand,60,Female,Bangalore,Engineer,2023-12-06
896,Viraj Patla,59,Female,Hyderabad,Student,2023-05-19
897,George Yadav,44,Female,Kolkata,Engineer,2025-01-27
898,Bhanumati Walia,55,Male,Pune,Businessman,2025-05-29
899,Siya Menon,61,Female,Pune,Student,2025-10-25
900,Meghana Uppal,28,Male,Hyderabad,Doctor,2021-04-13
901,Chandani Sarkar,48,Male,Hyderabad,Teacher,2025-05-01
902,Eta Gandhi,61,Female,Delhi,Businessman,2024-06-27
903,Mahika Sidhu,40,Male,Hyderabad,Accountant,2025-04-07
904,Vihaan Handa,68,Female,Pune,Student,2021-07-25
905,Kai Merchant,55,Female,Ahmedabad,Doctor,2022-04-24
906,Reva Kanda,48,Male,Delhi,Nurse,2021-03-24
907,Forum Kota,30,Male,Kolkata,Student,2023-12-09
908,Qadim Parmar,44,Male,Bangalore,Teacher,2022-07-07
909,Inaya Chacko,30,Female,Kolkata,Nurse,2024-06-20
910,Warinder Mani,27,Female,Bangalore,Doctor,2023-03-13
911,Ekansh Pant,49,Female,Bangalore,Lawyer,2024-03-17
912,Gauri Pandit,58,Male,Mumbai,Nurse,2024-05-23
913,Nikita Sami,35,Male,Bangalore,Teacher,2024-07-31
914,Darika Lanka,49,Male,Bangalore,Accountant,2024-10-19
915,Yahvi Joshi,58,Female,Kolkata,Accountant,2022-06-14
916,Maanas De,48,Female,Mumbai,Engineer,2025-10-29
917,Guneet Wadhwa,52,Male,Pune,Engineer,2021-09-10
918,Darsh Sawhney,38,Male,Mumbai,Engineer,2023-05-02
919,Jonathan Mall,58,Male,Chennai,Lawyer,2022-01-29
920,Kiaan Anne,37,Male,Delhi,Accountant,2022-04-07
921,Ati Samra,50,Female,Bangalore,Doctor,2023-03-11
922,Theodore Lall,70,Male,Hyderabad,Student,2022-11-24
923,Viraj Ravel,47,Female,Kolkata,Teacher,2022-02-07
924,Bakhshi Dhingra,39,Female,Pune,Businessman,2025-01-13
925,Nathan Mitter,28,Female,Mumbai,Businessman,2023-12-24
926,Neha Vaidya,32,Male,Chennai,Engineer,2024-12-07
927,Pushti Goel,55,Male,Delhi,Lawyer,2024-10-24
928,Tamanna Singh,63,Male,Kolkata,Student,2025-06-26
929,Chavvi Varty,67,Male,Mumbai,Doctor,2022-07-11
930,Brijesh Sehgal,59,Male,Mumbai,Doctor,2021-07-19
931,Faqid Murthy,44,Female,Kolkata,Doctor,2023-01-10
932,Aahana Mohanty,53,Female,Ahmedabad,Teacher,2025-01-07
933,Fariq Brahmbhatt,31,Male,Hyderabad,Accountant,2023-03-24
934,Dev Wason,60,Male,Hyderabad,Teacher,2025-03-25
935,Raagini Contractor,44,Male,Delhi,Student,2024-03-18
936,Yashvi De,25,Male,Ahmedabad,Businessman,2023-10-12
937,Ria Kashyap,56,Male,Hyderabad,Businessman,2024-08-31
938,Janani Date,40,Female,Hyderabad,Teacher,2021-05-23
939,Radha Mistry,20,Female,Chennai,Nurse,2023-10-14
940,Jeevika Dada,39,Male,Mumbai,Engineer,2022-02-18
941,Baghyawati Choudhary,60,Male,Delhi,Nurse,2021-07-18
942,Vrishti Kamdar,27,Male,Delhi,Doctor,2022-06-04
943,Lakshit Saini,34,Male,Ahmedabad,Student,2021-11-13
944,Unni Lal,34,Female,Mumbai,Doctor,2022-08-22
945,Bhavini Sule,70,Male,Mumbai,Student,2025-08-04
946,Qabil Anne,41,Female,Kolkata,Doctor,2025-11-30
947,Abeer Dass,24,Male,Mumbai,Teacher,2021-06-04
948,Zashil Shan,60,Male,Pune,Lawyer,2022-08-28
949,Wyatt Narain,46,Female,Delhi,Lawyer,2025-07-30
950,Shivani Kota,70,Female,Bangalore,Doctor,2024-06-24
951,Yagnesh Lalla,43,Female,Ahmedabad,Student,2024-01-13
952,Teerth Badami,42,Female,Kolkata,Teacher,2023-08-06
953,Harrison Sha,25,Male,Mumbai,Teacher,2023-11-16
954,Upadhriti Oommen,24,Female,Ahmedabad,Nurse,2023-04-29
955,Christopher Dhillon,29,Female,Pune,Engineer,2021-07-15
956,Saumya Kaul,61,Male,Ahmedabad,Nurse,2024-11-17
957,Hritik Sundaram,25,Female,Ahmedabad,Engineer,2021-08-22
958,Dhruv Kohli,22,Female,Pune,Engineer,2021-08-13
959,Nilima Jaggi,63,Male,Pune,Doctor,2021-07-18
960,Gaurav Ganesh,45,Male,Ahmedabad,Lawyer,2021-08-13
961,Laban Mukhopadhyay,60,Female,Bangalore,Engineer,2021-10-08
962,Christopher Sodhi,18,Male,Ahmedabad,Nurse,2024-05-03
963,Samuel Hayer,28,Male,Ahmedabad,Lawyer,2025-02-10
964,Advik Sarraf,33,Female,Hyderabad,Engineer,2025-07-03
965,Gabriel D’Alia,50,Male,Kolkata,Accountant,2024-04-20
966,Ekansh Dhawan,70,Male,Delhi,Nurse,2021-09-06
967,Gayathri Soni,46,Female,Delhi,Nurse,2023-12-09
968,Ikshita Puri,46,Female,Delhi,Nurse,2025-06-24
969,Kashish Tata,65,Male,Delhi,Accountant,2022-11-26
970,Reyansh Yohannan,44,Male,Mumbai,Doctor,2025-12-06
971,Advaith Sundaram,68,Female,Chennai,Nurse,2026-02-22
972,Tejas Pathak,39,Female,Mumbai,Businessman,2026-03-08
973,Fariq Hari,47,Female,Ahmedabad,Lawyer,2023-06-21
974,Vasana Saran,63,Female,Delhi,Doctor,2021-12-19
975,Irya Bose,66,Male,Mumbai,Lawyer,2021-05-10
976,Hemani Bahl,40,Female,Pune,Doctor,2023-02-07
977,Luke Chhabra,20,Male,Ahmedabad,Teacher,2023-04-07
978,Edhitha Varty,70,Female,Delhi,Student,2022-05-05
979,Janani Boase,57,Male,Chennai,Doctor,2023-04-11
980,Frado Sha,43,Male,Ahmedabad,Businessman,2025-11-04
981,Amrita Char,63,Female,Delhi,Accountant,2026-01-27
982,Radha Sood,20,Male,Ahmedabad,Nurse,2024-03-12
983,Aarav Keer,60,Male,Ahmedabad,Engineer,2022-08-13
984,Urishilla Johal,51,Male,Kolkata,Nurse,2023-02-27
985,Advika Datta,50,Male,Bangalore,Teacher,2023-11-14
986,Ikbal Sachar,24,Female,Pune,Accountant,2025-08-06
987,Anusha Muni,44,Male,Hyderabad,Accountant,2023-10-18
988,Maanav Srinivasan,39,Female,Ahmedabad,Teacher,2021-09-28
989,Eta Naidu,26,Female,Hyderabad,Lawyer,2024-01-01
990,Siddharth Shah,63,Male,Chennai,Businessman,2025-03-26
991,Vasatika Nadig,57,Female,Pune,Teacher,2023-03-07
992,Ganga De,63,Male,Pune,Doctor,2023-12-18
993,Warda Hans,66,Female,Ahmedabad,Accountant,2024-10-24
994,Naveen Bhavsar,61,Female,Kolkata,Engineer,2024-05-06
995,Vedhika Ben,51,Male,Mumbai,Accountant,2022-01-19
996,Gauri Aggarwal,27,Male,Mumbai,Businessman,2022-09-13
997,Samesh Mahajan,35,Male,Hyderabad,Student,2022-05-09
998,Qasim Mander,27,Male,Hyderabad,Businessman,2023-09-07
999,Chaitaly Gade,66,Male,Pune,Nurse,2024-05-25
1000,Gopal Suri,24,Male,Kolkata,Businessman,2023-10-09
